Fac/Fakt,Dept,Naam (in Afr),Name (in Eng),Code/Kode,Day/Dag,Date/Datum,Time/Tyd
EMS,StatAktWet,AktWet 112 A3E1,ActSci 112 A3E1,43214-112/A3E1,Wed,11/06/2025,09:00
EMS,StatAktWet,AktWet 211 A3E1,ActSci 211 A3E1,43214-211/A3E1,Wed,11/06/2025,09:00
EMS,StatAktWet,AktWet 311 A3E1,ActSci 311 A3E1,43214-311/A3E1,Fri,13/06/2025,09:00
EMS,StatAktWet,AktWet 311 A3E2,ActSci 311 A3E2,43214-311/A3E2,Fri,13/06/2025,14:00
LAW,PublReg,AdminReg 411 A3E1,AdminLaw 411 A3E1,49409-411/A3E1,Fri,13/06/2025,14:00
LAW,PublReg,AdminReg 414 A3E1,AdminLaw 414 A3E1,49409-414/A3E1,Fri,13/06/2025,14:00
LAW,PrivaatReg,GevFamReg 414 A3E1,AdvFamLaw 414 A3E1,62499-414/A3E1,Sat,21/06/2025,09:00
AGRI,LandEkon,LandEkon 234 A3E1,AgriEcon 234 A3E1,15504-234/A3E1,Sat,14/06/2025,14:00
AGRI,LandEkon,LandEkon 314 A3E1,AgriEcon 314 A3E1,15504-314/A3E1,Thu,19/06/2025,14:00
AGRI,LandEkon,LandEkon 334 A3E1,AgriEcon 334 A3E1,15504-334/A3E1,Tue,24/06/2025,14:00
AGRI,LandEkon,LandEkon 414 A3E1,AgriEcon 414 A3E1,15504-414/A3E1,Thu,26/06/2025,09:00
AGRI,Agronomie,Agronomie 212 A3E1,Agronomy 212 A3E1,55565-212/A3E1,Wed,25/06/2025,14:00
AGRI,Agronomie,Agronomie 312 A3E1,Agronomy 312 A3E1,55565-312/A3E1,Tue,17/06/2025,14:00
AGRI,Agronomie,Agronomie 322 A3E1,Agronomy 322 A3E1,55565-322/A3E1,Wed,25/06/2025,14:00
AGRI,Agronomie,Agronomie 324 A3E1,Agronomy 324 A3E1,55565-324/A3E1,Fri,27/06/2025,09:00
AGRI,Agronomie,Agronomie 332 A3E1,Agronomy 332 A3E1,55565-332/A3E1,Tue,24/06/2025,14:00
FMHS,KlinAnat,Anatomie 214 A3E1,Anatomy 214 A3E1,12558-214/A3E1,Fri,13/06/2025,09:00
FMHS,KlinAnat,Anatomie 314 A3E1,Anatomy 314 A3E1,12558-314/A3E1,Thu,19/06/2025,14:00
AGRI,VeekWet,DierAnatFisio 214 A3E1,AnimAnatPhys 214 A3E1,13505-214/A3E1,Sat,14/06/2025,09:00
AGRI,VeekWet,DierFisio 324 A3E1,AnimPhys 324 A3E1,11851-324/A3E1,Tue,24/06/2025,09:00
SCIENCE,ChemPolWet,ToegChem 316 A3E1,ApplChem 316 A3E1,52078-316/A3E1,Sat,14/06/2025,09:00
SCIENCE,ChemPolWet,ToegChem 324 A3E1,ApplChem 324 A3E1,52078-324/A3E1,Wed,25/06/2025,14:00
SCIENCE,ChemPolWet,ToegChem 334 A3E1,ApplChem 334 A3E1,52078-334/A3E1,Thu,12/06/2025,14:00
FASS,AlgTaalWet,ToegEngTaalst 214 A3E1,ApplEngLS 214 A3E1,93874-214/A3E1,Sat,21/06/2025,09:00
FASS,AlgTaalWet,ToegEngTaalst 318 A3E1,ApplEngLS 318 A3E1,93874-318/A3E1,Tue,24/06/2025,09:00
FMHS,SportWet,ToegKin 313 A3E1,ApplKin 313 A3E1,54429-313/A3E1,Fri,27/06/2025,09:00
FMHS,SportWet,ToegKin 314 A3E1,ApplKin 314 A3E1,54429-314/A3E1,Fri,27/06/2025,09:00
FMHS,SportWet,ToegKin 324 A3E1,ApplKin 324 A3E1,54429-324/A3E1,Fri,27/06/2025,09:00
SCIENCE,ToegWisk,ToegWisk 314 A3E1,ApplMaths 314 A3E1,20710-314/A3E1,Fri,27/06/2025,14:00
SCIENCE,ToegWisk,ToegWisk 324 A3E1,ApplMaths 324 A3E1,20710-324/A3E1,Wed,18/06/2025,09:00
ENGRG,ToegWisk,ToegWiskB 124 A3E1,ApplMathsB 124 A3E1,20753-124/A3E1,Mon,23/06/2025,09:00
ENGRG,ToegWisk,ToegWiskB 224 A3E1,ApplMathsB 224 A3E1,20753-224/A3E1,Thu,12/06/2025,09:00
AGRI,Hortologie,ToegPlantfis 414 A3E1,ApplPlantPhys 414 A3E1,12487-414/A3E1,Sat,28/06/2025,09:00
SCIENCE,Biochemie,Biochem 214 A3E1,Biochem 214 A3E1,11053-214/A3E1,Wed,18/06/2025,09:00
SCIENCE,Biochemie,Biochem 315 A3E1,Biochem 315 A3E1,11053-315/A3E1,Sat,14/06/2025,14:00
SCIENCE,Biochemie,Biochem 323 A3E1,Biochem 323 A3E1,11053-323/A3E1,Fri,20/06/2025,09:00
SCIENCE,PlantDierK,BiodivEkol 212 A3E1,BiodivEcol 212 A3E1,53953-212/A3E1,Tue,24/06/2025,14:00
SCIENCE,PlantDierK,BiodivEkol 224 A3E1,BiodivEcol 224 A3E1,53953-224/A3E1,Sat,14/06/2025,14:00
SCIENCE,PlantDierK,BiodivEkol 311 A3E1,BiodivEcol 311 A3E1,53953-311/A3E1,Wed,25/06/2025,14:00
SCIENCE,PlantDierK,Biologie 124 A3E1,Biology 124 A3E1,25046-124/A3E1,Wed,11/06/2025,09:00
AGRI,Genetika,Biometrie 212 A3E1,Biometry 212 A3E1,11061-212/A3E1,Fri,20/06/2025,09:00
AGRI,Genetika,Biotegnologie 215 A3E1,Biotechnology 215 A3E1,54410-215/A3E1,Sat,14/06/2025,09:00
AGRI,Genetika,Biotegnologie 315 A3E1,Biotechnology 315 A3E1,54410-315/A3E1,Wed,25/06/2025,14:00
EMS,Logistiek,BesAnal 214 A3E1,BusAnal 214 A3E1,14023-214/A3E1,Fri,27/06/2025,14:00
EMS,Logistiek,BesAnal 318 A3E1,BusAnal 318 A3E1,14023-318/A3E1,Thu,26/06/2025,14:00
EMS,OndBest,OndNBest 113 A3E1,BusMan 113 A3E1,48550-113/A3E1,Fri,13/06/2025,09:00
ENGRG,ProsIng,ChemIng 224 A3E1,ChemEngrg 224 A3E1,11576-224/A3E1,Tue,24/06/2025,09:00
ENGRG,ProsIng,ChemIng 316 A3E1,ChemEngrg 316 A3E1,11576-316/A3E1,Wed,25/06/2025,14:00
ENGRG,ProsIng,ChemIng 317 A3E1,ChemEngrg 317 A3E1,11576-317/A3E1,Sat,14/06/2025,09:00
ENGRG,ProsIng,ChemIng 424 A3E1,ChemEngrg 424 A3E1,11576-424/A3E1,Fri,20/06/2025,14:00
ENGRG,ProsIng,ChemIng 426 A3E1,ChemEngrg 426 A3E1,11576-426/A3E1,Fri,13/06/2025,14:00
SCIENCE,ChemPolWet,Chemie 124 A3E1,Chemistry 124 A3E1,11479-124/A3E1,Thu,26/06/2025,09:00
SCIENCE,ChemPolWet,Chemie 214 A3E1,Chemistry 214 A3E1,11479-214/A3E1,Tue,24/06/2025,14:00
SCIENCE,ChemPolWet,Chemie 234 A3E1,Chemistry 234 A3E1,11479-234/A3E1,Thu,26/06/2025,14:00
SCIENCE,ChemPolWet,Chemie 314 A3E1,Chemistry 314 A3E1,11479-314/A3E1,Thu,26/06/2025,14:00
SCIENCE,ChemPolWet,Chemie 324 A3E1,Chemistry 324 A3E1,11479-324/A3E1,Mon,23/06/2025,09:00
ENGRG,ChemPolWet,ChemieC 224 A3E1,ChemistryC 224 A3E1,48321-224/A3E1,Tue,17/06/2025,09:00
ENGRG,SivIng,SivIng 224 A3E1,CivEngrg 224 A3E1,18481-224/A3E1,Tue,24/06/2025,14:00
LAW,HandReg,BeslegHandelgeskille 414 A3E1,CommDisputeRes 414 A3E1,14711-414/A3E1,Wed,18/06/2025,14:00
LAW,HandReg,MededingReg 414 A3E1,CompetitionLaw 414 A3E1,62533-414/A3E1,Tue,24/06/2025,14:00
SCIENCE,RekWet,RekWet 113 A3E1,CompSci 113 A3E1,18139-113/A3E1,Mon,23/06/2025,09:00
SCIENCE,RekWet,RekWet 114 A3E1,CompSci 114 A3E1,18139-114/A3E1,Mon,23/06/2025,09:00
SCIENCE,RekWet,RekWet 314 A3E1,CompSci 314 A3E1,18139-314/A3E1,Fri,20/06/2025,14:00
SCIENCE,RekWet,RekWet 315 A3E1,CompSci 315 A3E1,18139-315/A3E1,Fri,13/06/2025,14:00
ENGRG,RekWet,RekWetE 214 A3E1,CompSciE 214 A3E1,59536-214/A3E1,Tue,24/06/2025,09:00
ENGRG,ElektrIng,RekStelsels 214 A3E1,CompSyst 214 A3E1,36153-214/A3E1,Wed,25/06/2025,09:00
ENGRG,ElektrIng,RekStelsels 414 A3E1,CompSyst 414 A3E1,36153-414/A3E1,Thu,26/06/2025,14:00
LAW,PublReg,Staatsreg 214 A3E1,ConstitLaw 214 A3E1,44342-214/A3E1,Tue,17/06/2025,09:00
ENGRG,ElektrIng,BeheerStls 314 A3E1,ContrSyst 314 A3E1,23965-314/A3E1,Thu,19/06/2025,14:00
ENGRG,ElektrIng,BeheerStls 414 A3E1,ContrSyst 414 A3E1,23965-414/A3E1,Fri,20/06/2025,14:00
LAW,PublReg,Strafreg 314 A3E1,CrimLaw 314 A3E1,37281-314/A3E1,Thu,19/06/2025,14:00
ENGRG,ElektrIng,DataAnal(Ing) 324 A3E1,DataAnal(Eng) 324 A3E1,13856-324/A3E1,Wed,18/06/2025,09:00
ENGRG,ElektrIng,DataAnal(Ing) 414 A3E1,DataAnal(Eng) 414 A3E1,13856-414/A3E1,Wed,25/06/2025,14:00
ENGRG,ElektrIng,DataIng 314 A3E1,DataEngrg 314 A3E1,14019-314/A3E1,Fri,27/06/2025,09:00
ENGRG,ElektrIng,DataIng 414 A3E1,DataEngrg 414 A3E1,14019-414/A3E1,Fri,27/06/2025,09:00
ENGRG,ElektrIng,DataIng 424 A3E1,DataEngrg 424 A3E1,14019-424/A3E1,Thu,19/06/2025,09:00
AGRI,SkoolDataWet,DataWet 314 A3E1,DataSci 314 A3E1,14911-314/A3E1,Fri,20/06/2025,14:00
EMS,StatAktWet,Datawet 316 A3E1,DataSci 316 A3E1,14026-316/A3E1,Tue,24/06/2025,09:00
EDUC,OpvSielk,OntwLeer 224 A3E1,DevLearning 224 A3E1,65862-224/A3E1,Fri,13/06/2025,14:00
EMS,RekKunde,DLV 112 A3E1,DLA 112 A3E1,14523-112/A3E1,Thu,19/06/2025,09:00
THEOL,SisTeoEkl,Ekkles 211 A3E1,Eccles 211 A3E1,12068-211/A3E1,Wed,25/06/2025,14:00
THEOL,SisTeoEkl,Ekkles 215 A3E1,Eccles 215 A3E1,12068-215/A3E1,Wed,25/06/2025,14:00
EMS,Ekonomie,Ekon 114 A3E1,Econ 114 A3E1,12084-114/A3E1,Wed,25/06/2025,09:00
EMS,Ekonomie,Ekon 214 A3E1,Econ 214 A3E1,12084-214/A3E1,Wed,18/06/2025,14:00
EMS,Ekonomie,Ekon 318 A3E1,Econ 318 A3E1,12084-318/A3E1,Wed,11/06/2025,14:00
ENGRG,ElektrIng,ElektrAandr 324 A3E1,ElectrDrSyst 324 A3E1,11949-324/A3S1,Tue,17/06/2025,14:00
ENGRG,ElektrIng,ElektrMag 314 A3E1,ElectrMagn 314 A3E1,51357-314/A3E1,Thu,26/06/2025,09:00
ENGRG,ElektrIng,Elektronika 315 A3E1,Electronics 315 A3E1,12491-315/A3E1,Fri,13/06/2025,09:00
ENGRG,ElektrIng,Elektronika 414 A3E1,Electronics 414 A3E1,12491-414/A3E1,Fri,27/06/2025,09:00
ENGRG,ElektrIng,ElektrTegn 214 A3E1,ElectrTechn 214 A3E1,12599-214/A3E1,Tue,24/06/2025,14:00
ENGRG,ElektrIng,EnergStls 414 A3E1,EnergSyst 414 A3E1,43915-414/A3E1,Tue,24/06/2025,09:00
ENGRG,ElektrIng,EnergStls 424 A3E1,EnergSyst 424 A3E1,43915-424/A3E1,Fri,20/06/2025,09:00
ENGRG,MegIng,EnergStlsM 434 A3E1,EnergSystM 434 A3E1,51365-434/A3E1,Wed,25/06/2025,14:00
FASS,Engels,EnglishSt 214 A3E1,EnglishSt 214 A3E1,53880-214/A3E1,Fri,20/06/2025,09:00
FASS,Engels,EnglishSt 318 A3E1,EnglishSt 318 A3E1,53880-318/A3E1,Wed,11/06/2025,14:00
ENGRG,ProsIng,IngChemie 123 A3E1,EngrgChem 123 A3E1,49484-123/A3E1,Thu,19/06/2025,09:00
ENGRG,MegIng,IngTeken 123 A3E1,EngrgDraw 123 A3E1,46825-123/A3E1,Tue,17/06/2025,09:00
ENGRG,BedrIng,IngEkon 212 A3E1,EngrgEcon 212 A3E1,18791-212/A3E1,Fri,20/06/2025,14:00
ENGRG,SivIng,IngGeologie 214 A3E1,EngrgGeol 214 A3E1,59552-214/A3E1,Thu,26/06/2025,09:00
ENGRG,SivIng,IngInfo 314 A3E1,EngrgInfo 314 A3E1,59560-314/A3E1,Thu,19/06/2025,14:00
ENGRG,Wiskunde,IngWisk 115 A3E1,EngrgMaths 115 A3E1,38571-115/A3E1,Thu,26/06/2025,09:00
ENGRG,Wiskunde,IngWisk 214 A3E1,EngrgMaths 214 A3E1,38571-214/A3E1,Sat,28/06/2025,14:00
ENGRG,Fisika,IngFisika 113 A3E1,EngrgPhysics 113 A3E1,59420-113/A3E1,Sat,28/06/2025,09:00
ENGRG,StatAktWet,IngStats 314 A3E1,EngrgStats 314 A3E1,59498-314/A3E1,Sat,28/06/2025,14:00
EMS,OndBest,EntrInBest 214 A3E1,EntrInMan 214 A3E1,58335-214/A3E1,Sat,21/06/2025,14:00
EMS,OndBest,EntrInBest 318 A3E1,EntrInMan 318 A3E1,58335-318/A3E1,Mon,23/06/2025,14:00
ENGRG,ProsIng,OmgewIng 414 A3E1,EnvirEngrg 414 A3E1,50431-414/A3E1,Tue,24/06/2025,09:00
SCIENCE,Aardwet,OmgGeoChem 214 A3E1,EnvirGeoChem 214 A3E1,63991-214/A3E1,Sat,28/06/2025,14:00
SCIENCE,Aardwet,OmgGeoChem 314 A3E1,EnvirGeoChem 314 A3E1,63991-314/A3E1,Thu,12/06/2025,14:00
LAW,PrivaatReg,Familiereg 214 A3E1,FamilyLaw 214 A3E1,14341-214/A3E1,Sat,28/06/2025,09:00
ENGRG,MegIng,EindElem 414 A3E1,FinElMeth 414 A3E1,41726-414/A3E1,Fri,20/06/2025,14:00
EMS,OndBest,FinBest 214 A3E1,FinMan 214 A3E1,51047-214/A3E1,Sat,28/06/2025,14:00
EMS,OndBest,FinBest 314 A3E1,FinMan 314 A3E1,51047-314/A3E1,Wed,25/06/2025,14:00
EMS,OndBest,FinBest 332 A3E1,FinMan 332 A3E1,51047-332/A3E1,Sat,28/06/2025,09:00
EMS,OndBest,FinBepl 314 A3E1,FinPlan 314 A3E1,59765-314/A3E1,Fri,27/06/2025,09:00
EMS,StatAktWet,FinRisBes 212 A3E1,FinRiskMan 212 A3E1,54690-212/A3E1,Sat,28/06/2025,09:00
EMS,StatAktWet,FinRisBes 314 A3E1,FinRiskMan 314 A3E1,54690-314/A3E1,Thu,12/06/2025,14:00
ENGRG,MegIng,VloeiMeg 314 A3E1,FluidMech 314 A3E1,44415-314/A3E1,Sat,14/06/2025,14:00
ENGRG,MegIng,VoedProsIng 414 A3E1,FoodProcEngrg 414 A3E1,13857-414/A3E1,Thu,12/06/2025,14:00
AGRI,Genetika,Genetika 214 A3E1,Genetics 214 A3E1,13285-214/A3E1,Fri,27/06/2025,14:00
AGRI,Genetika,Genetika 314 A3E1,Genetics 314 A3E1,13285-314/A3E1,Fri,27/06/2025,09:00
AGRI,Genetika,Genetika 324 A3E1,Genetics 324 A3E1,13285-324/A3E1,Wed,25/06/2025,09:00
FASS,AlgTaalWet,AlgTaalWet 318 A3E1,GenLing 318 A3E1,10294-318/A3E1,Thu,12/06/2025,14:00
FASS,GeoGeo,GeoOmgWet 124 A3E1,GeoEnvirSci 124 A3E1,64165-124/A3E1,Tue,24/06/2025,09:00
FASS,GeoGeo,GeogrOmgSt 225 A3E1,GeogrEnvirSt 225 A3E1,56502-225/A3E1,Tue,24/06/2025,14:00
FASS,GeoGeo,GeogrOmgSt 314 A3E1,GeogrEnvirSt 314 A3E1,56502-314/A3E1,Mon,23/06/2025,09:00
FASS,GeoGeo,GeogrOmgSt 323 A3E1,GeogrEnvirSt 323 A3E1,56502-323/A3E1,Wed,25/06/2025,14:00
FASS,GeoGeo,GeogrOmgSt 334 A3E1,GeogrEnvirSt 334 A3E1,56502-334/A3E1,Thu,19/06/2025,09:00
FASS,GeoGeo,GeoInlTeg 211 A3E1,GeoInfoTech 211 A3E1,12923-211/A3E1,Fri,20/06/2025,14:00
FASS,GeoGeo,GeoInlTeg 214 A3E1,GeoInfoTech 214 A3E1,12923-214/A3E1,Thu,12/06/2025,09:00
FASS,GeoGeo,GeoInlTeg 311 A3E1,GeoInfoTech 311 A3E1,12923-311/A3E1,Wed,25/06/2025,14:00
FASS,GeoGeo,GeoInlTeg 312 A3E1,GeoInfoTech 312 A3E1,12923-312/A3E1,Tue,17/06/2025,14:00
SCIENCE,Aardwet,Geologie 224 A3E1,Geology 224 A3E1,13374-224/A3E1,Wed,25/06/2025,14:00
SCIENCE,Aardwet,Geologie 314 A3E1,Geology 314 A3E1,13374-314/A3E1,Thu,12/06/2025,14:00
SCIENCE,Aardwet,Geologie 324 A3E1,Geology 324 A3E1,13374-324/A3E1,Fri,27/06/2025,09:00
ENGRG,ProsIng,WarmteOorA 326 A3E1,HeatTransfA 326 A3E1,33928-326/A3E1,Sat,21/06/2025,09:00
ENGRG,MegIng,WarmteOorA 414 A3E1,HeatTransfA 414 A3E1,33928-414/A3E1,Tue,24/06/2025,14:00
ENGRG,ElektrIng,Ho�FrekTeg 414 A3E1,HighFreqTechn 414 A3E1,52124-414/A3E1,Fri,20/06/2025,09:00
FASS,Geskied,Gesk 114 A3E1,History 114 A3E1,13463-114/A3E1,Thu,26/06/2025,09:00
FASS,Geskied,Gesk 214 A3E1,History 214 A3E1,13463-214/A3E1,Thu,12/06/2025,14:00
FASS,Geskied,Gesk 318 A3E1,History 318 A3E1,13463-318/A3E1,Sat,28/06/2025,14:00
ENGRG,SivIng,WaterbouKnde 424 A3E1,HydraulEngrg 424 A3E1,21350-424/A3E1,Fri,20/06/2025,09:00
ENGRG,SivIng,Hidroulika 324 A3E1,Hydraulics 324 A3E1,14400-324/A3E1,Thu,26/06/2025,14:00
ENGRG,SivIng,Hidrologie 424 A3E1,Hydrology 424 A3E1,14397-424/A3E1,Tue,24/06/2025,09:00
ENGRG,BedrIng,BedrErg 414 A3E1,IndusErgo 414 A3E1,44792-414/A3E1,Fri,27/06/2025,09:00
EMS,BedrSielk,BedrSielk 114 A3E1,IndusPsych 114 A3E1,10553-114/A3E1,Wed,18/06/2025,14:00
EMS,BedrSielk,BedrSielk 214 A3E1,IndusPsych 214 A3E1,10553-214/A3E1,Wed,25/06/2025,14:00
EMS,BedrSielk,BedrSielk 224 A3E1,IndusPsych 224 A3E1,10553-224/A3E1,Mon,23/06/2025,09:00
EMS,BedrSielk,BedrSielk 314 A3E1,IndusPsych 314 A3E1,10553-314/A3E1,Tue,24/06/2025,14:00
EMS,BedrSielk,BedrSielk 324 A3E1,IndusPsych 324 A3E1,10553-324/A3E1,Thu,19/06/2025,14:00
EMS,BedrSielk,BedrSielkArb 132 A3E1,IndusPsychOc 132 A3E1,36846-132/A3E1,Tue,24/06/2025,09:00
EMS,Logistiek,InligtStls 112 A3E1,InfoSyst 112 A3E1,48062-112/A3E1,Thu,19/06/2025,09:00
ENGRG,BedrIng,InligtStls 414 A3E1,InfoSyst 414 A3E1,48062-414/A3E1,Tue,24/06/2025,09:00
ENGRG,FakIngAdmin,InterkultKomm 113 A3E1,IntercultComm 113 A3E1,14213-113/A3E1,Tue,24/06/2025,09:00
LAW,PublReg,IntMenseregte 414 A3E1,IntHumRightsLaw 414 A3E1,14712-414/A3E1,Sat,28/06/2025,14:00
LAW,HandReg,Inl tot IG Reg 314 A3E1,Intro to IP Law 314 A3E1,14879-314/A3E1,Fri,20/06/2025,09:00
EMS,BedrSielk,InlInterkultKomm 312 A3E1,IntroIntercultComm 312 A3E1,13351-312/A3E1,Tue,24/06/2025,14:00
EMS,OndBest,BelegBest 314 A3E1,InvestMan 314 A3E1,55344-314/A3E1,Wed,18/06/2025,14:00
EMS,OndBest,BelegBest 324 A3E1,InvestMan 324 A3E1,55344-324/A3E1,Fri,20/06/2025,14:00
FMHS,SportWet,Kinesio 312 A3E1,Kinesio 312 A3E1,19305-312/A3E1,Sat,14/06/2025,09:00
FMHS,SportWet,Kinesio 332 A3E1,Kinesio 332 A3E1,19305-332/A3E1,Wed,25/06/2025,09:00
LAW,PrivaatReg,SivProsReg 314 A3E1,LawCivProc 314 A3E1,14344-314/A3E1,Tue,24/06/2025,14:00
LAW,PublReg,StrafProsR 314 A3E1,LawCrimProc 314 A3E1,41610-314/A3E1,Thu,26/06/2025,14:00
LAW,HandReg,InkomstebeReg 414 A3E1,LawIncomeTax 414 A3E1,14343-414/A3E1,Thu,19/06/2025,14:00
LAW,PrivaatReg,Erfreg 214 A3E1,LawSuccession 214 A3E1,14342-214/A3E1,Thu,19/06/2025,14:00
LAW,PrivaatReg,RegsEtiek 214 A3E1,LegalEthics 214 A3E1,14358-214/A3E1,Tue,24/06/2025,14:00
LAW,HandReg,RegsIntTransaksies 314 A3E1,LegalIntTransactions 314 A3E1,13352-314/A3E1,Tue,17/06/2025,09:00
EMS,Logistiek,LogVoorsBest 214 A3E1,LogSupplChMan 214 A3E1,14219-214/A3E1,Wed,11/06/2025,09:00
EMS,Logistiek,LogVoorsBest 314 A3E1,LogSupplChMan 314 A3E1,14219-314/A3E1,Tue,17/06/2025,14:00
EMS,Logistiek,LogVoorsBest 324 A3E1,LogSupplChMan 324 A3E1,14219-324/A3E1,Fri,20/06/2025,14:00
ENGRG,MegIng,MasjOntA 314 A3E1,MachDesA 314 A3E1,16020-314/A3E1,Mon,23/06/2025,14:00
ENGRG,BedrIng,InstandhBest 414 A3E1,MainMan 414 A3E1,11745-414/A3E1,Fri,20/06/2025,14:00
EMS,OndBest,BestKorpSosVer 314 A3E1,ManCorpSocRes 314 A3E1,11286-314/A3E1,Thu,12/06/2025,14:00
ENGRG,BedrIng,VervrdStls 314 A3E1,ManufSyst 314 A3E1,45381-314/A3E1,Mon,23/06/2025,09:00
EMS,OndBest,BemarkBest 214 A3E1,MarketMan 214 A3E1,23795-214/A3E1,Fri,20/06/2025,09:00
EMS,OndBest,BemarkBest 314 A3E1,MarketMan 314 A3E1,23795-314/A3E1,Sat,21/06/2025,14:00
EMS,OndBest,BemarkBest 324 A3E1,MarketMan 324 A3E1,23795-324/A3E1,Sat,14/06/2025,14:00
SCIENCE,Wiskunde,Wiskunde 114 A3E1,Maths 114 A3E1,21539-114/A3E1,Wed,18/06/2025,09:00
SCIENCE,Wiskunde,Wiskunde 214 A3E1,Maths 214 A3E1,21539-214/A3E1,Mon,23/06/2025,14:00
SCIENCE,Wiskunde,Wiskunde 214 A3E2,Maths 214 A3E2,21539-214/A3E2,Wed,25/06/2025,14:00
SCIENCE,Wiskunde,Wiskunde 314 A3E1,Maths 314 A3E1,21539-314/A3E1,Wed,11/06/2025,09:00
SCIENCE,Wiskunde,Wiskunde 324 A3E1,Maths 324 A3E1,21539-324/A3E1,Mon,23/06/2025,09:00
SCIENCE,Wiskunde,WiskBio 124 A3E1,MathsBio 124 A3E1,21547-124/A3E1,Tue,17/06/2025,14:00
EMS,StatAktWet,WiskStat 214 A3E1,MathStats 214 A3E1,22853-214/A3E1,Fri,20/06/2025,09:00
EMS,StatAktWet,WiskStat 312 A3E1,MathStats 312 A3E1,22853-312/A3E1,Wed,18/06/2025,14:00
EMS,StatAktWet,WiskStat 316 A3E1,MathStats 316 A3E1,22853-316/A3E1,Thu,26/06/2025,14:00
ENGRG,MegIng,MatKndeA 214 A3E1,MatSciA 214 A3E1,30325-214/A3E1,Tue,17/06/2025,09:00
ENGRG,MegIng,Megatron 424 A3E1,Mechatron 424 A3E1,50458-424/A3E1,Fri,27/06/2025,09:00
SCIENCE,MikroBio,MikroBio 214 A3E1,MicroBiol 214 A3E1,16284-214/A3E1,Wed,11/06/2025,14:00
SCIENCE,MikroBio,MikroBio 314 A3E1,MicroBiol 314 A3E1,16284-314/A3E1,Tue,24/06/2025,09:00
SCIENCE,MikroBio,MikroBio 324 A3E1,MicroBiol 324 A3E1,16284-324/A3E1,Thu,12/06/2025,14:00
ENGRG,ProsIng,MinPros 415 A3E1,MinProc 415 A3E1,47988-415/A3E1,Sat,28/06/2025,14:00
ENGRG,MegIng,Modell 334 A3E1,Modell 334 A3E1,56804-334/A3E1,Fri,27/06/2025,14:00
FMHS,SportWet,BewSprtRekr 212 A3E1,MovSprtRecr 212 A3E1,44229-212/A3E1,Mon,23/06/2025,14:00
FMHS,SportWet,BewSprtRekr 222 A3E1,MovSprtRecr 222 A3E1,44229-222/A3E1,Thu,12/06/2025,14:00
FASS,Musiek,MusWet 314 A3E1,Musicol 314 A3E1,44717-314/A3E1,Tue,24/06/2025,09:00
FASS,Musiek,MusWet 414 A3E1,Musicol 414 A3E1,44717-414/A3E1,Fri,27/06/2025,14:00
THEOL,OuNuweTest,NuweTest 312 A3E1,NewTest 312 A3E1,16586-312/A3E1,Thu,19/06/2025,09:00
THEOL,OuNuweTest,NuweTest 321 A3E1,NewTest 321 A3E1,16586-321/A3E1,Tue,17/06/2025,09:00
THEOL,OuNuweTest,NuweTest 323 A3E1,NewTest 323 A3E1,16586-323/A3E1,Tue,17/06/2025,09:00
THEOL,OuNuweTest,NuweTest 422 A3E1,NewTest 422 A3E1,16586-422/A3E1,Fri,20/06/2025,09:00
ENGRG,MegIng,NumVloei 414 A3E1,NumFlDyn 414 A3E1,53678-414/A3E1,Fri,20/06/2025,09:00
THEOL,OuNuweTest,OuNuweTest 324 A3E1,OldNewTest 324 A3E1,50547-324/A3E1,Wed,11/06/2025,14:00
THEOL,OuNuweTest,OuTest 312 A3E1,OldTest 312 A3E1,17418-312/A3E1,Fri,27/06/2025,09:00
THEOL,OuNuweTest,OuTest 313 A3E1,OldTest 313 A3E1,17418-313/A3E1,Fri,27/06/2025,09:00
THEOL,OuNuweTest,OuTest 412 A3E1,OldTest 412 A3E1,17418-412/A3E1,Thu,12/06/2025,14:00
EMS,Logistiek,OperNav 214 A3E1,OperRes 214 A3E1,55336-214/A3E1,Thu,26/06/2025,14:00
EMS,Logistiek,OperNav 314 A3E1,OperRes 314 A3E1,55336-314/A3E1,Wed,25/06/2025,14:00
EMS,Logistiek,OperNav 322 A3E1,OperRes 322 A3E1,55336-322/A3E1,Fri,13/06/2025,09:00
ENGRG,BedrIng,OperNavIng 415 A3E1,OperResEng 415 A3E1,59528-415/A3E1,Thu,12/06/2025,14:00
ENGRG,BedrIng,Optimering(Ing) 414 A3E1,Optimisation(Eng) 414 A3E1,14020-414/A3E1,Tue,24/06/2025,09:00
FASS,InligtWet,OrgInfo 214 A3E1,OrgInfo 214 A3E1,14689-214/A3E1,Tue,17/06/2025,09:00
FASS,InligtWet,OrgInfo 318 A3E1,OrgInfo 318 A3E1,14689-318/A3E1,Thu,12/06/2025,09:00
ENGRG,ProsIng,PartTegn 316 A3E1,PartTech 316 A3E1,47902-316/A3E1,Thu,26/06/2025,14:00
FASS,Filosofie,Filosofie 114 A3E1,Philosophy 114 A3E1,12882-114/A3E1,Sat,21/06/2025,09:00
FASS,Filosofie,Filosofie 214 A3E1,Philosophy 214 A3E1,12882-214/A3E1,Wed,25/06/2025,14:00
FASS,Filosofie,Filosofie 314 A3E1,Philosophy 314 A3E1,12882-314/A3E1,Sat,21/06/2025,09:00
FASS,Filosofie,Filosofie 324 A3E1,Philosophy 324 A3E1,12882-324/A3E1,Sat,14/06/2025,14:00
FASS,Filosofie,Filosofie 333 A3E1,Philosophy 333 A3E1,12882-333/A3E1,Mon,23/06/2025,09:00
SCIENCE,Fisika,Fisika 114 A3E1,Physics 114 A3E1,12998-114/A3E1,Sat,28/06/2025,09:00
SCIENCE,Fisika,Fisika 224 A3E1,Physics 224 A3E1,12998-224/A3E1,Fri,27/06/2025,14:00
SCIENCE,Fisika,Fisika 224 A3E2,Physics 224 A3E2,12998-224/A3E2,Sat,28/06/2025,14:00
SCIENCE,Fisika,Fisika 334 A3E1,Physics 334 A3E1,12998-334/A3E1,Wed,11/06/2025,14:00
SCIENCE,FisiolWet,Fisiologie 114 A3E1,Physiology 114 A3E1,13080-114/A3E1,Sat,21/06/2025,14:00
SCIENCE,FisiolWet,Fisiologie 214 A3E1,Physiology 214 A3E1,13080-214/A3E1,Sat,28/06/2025,14:00
SCIENCE,FisiolWet,Fisiologie 314 A3E1,Physiology 314 A3E1,13080-314/A3E1,Thu,12/06/2025,14:00
SCIENCE,FisiolWet,Fisiologie 334 A3E1,Physiology 334 A3E1,13080-334/A3E1,Tue,24/06/2025,09:00
AGRI,PlantPat,PlantPat 314 A3E1,PlantPath 314 A3E1,32891-314/A3E1,Fri,13/06/2025,14:00
AGRI,PlantPat,PlantPat 414 A3E1,PlantPath 414 A3E1,32891-414/A3E1,Tue,17/06/2025,09:00
FASS,PolWet,PolWet 212 A3E1,PolSci 212 A3E1,44687-212/A3E1,Fri,27/06/2025,09:00
FASS,PolWet,PolWet 222 A3E1,PolSci 222 A3E1,44687-222/A3E1,Thu,26/06/2025,09:00
FASS,PolWet,PolWet 314 A3E1,PolSci 314 A3E1,44687-314/A3E1,Wed,25/06/2025,09:00
FASS,PolWet,PolWet 324 A3E1,PolSci 324 A3E1,44687-324/A3E1,Tue,17/06/2025,14:00
LAW,PrivaatReg,PrakRegsO 414 A3E1,PracLegalTr 414 A3E1,58386-414/A3E1,Mon,23/06/2025,09:00
THEOL,PrkTeoMiss,PrakTeol 215 A3E1,PracTheol 215 A3E1,50776-215/A3E1,Thu,26/06/2025,09:00
THEOL,PrkTeoMiss,PrakTeol 222 A3E1,PracTheol 222 A3E1,50776-222/A3E1,Thu,26/06/2025,09:00
THEOL,PrkTeoMiss,PrakTeol 313 A3E1,PracTheol 313 A3E1,50776-313/A3E1,Fri,20/06/2025,09:00
THEOL,PrkTeoMiss,PrakTeol 314 A3E1,PracTheol 314 A3E1,50776-314/A3E1,Fri,20/06/2025,09:00
THEOL,PrkTeoMiss,PrakTeol 322 A3E1,PracTheol 322 A3E1,50776-322/A3E1,Thu,26/06/2025,09:00
THEOL,PrkTeoMiss,PrakTeol 323 A3E1,PracTheol 323 A3E1,50776-323/A3E1,Thu,12/06/2025,14:00
THEOL,PrkTeoMiss,PrakTeol 332 A3E1,PracTheol 332 A3E1,50776-332/A3E1,Thu,12/06/2025,14:00
THEOL,PrkTeoMiss,PrakTeol 413 A3E1,PracTheol 413 A3E1,50776-413/A3E1,Tue,24/06/2025,09:00
THEOL,PrkTeoMiss,PrakTeolMiss 112 A3E1,PracTheolMiss 112 A3E1,12282-112/A3E1,Mon,23/06/2025,09:00
THEOL,PrkTeoMiss,PrakTeolMiss 122 A3E1,PracTheolMiss 122 A3E1,12282-122/A3E1,Mon,23/06/2025,09:00
LAW,PrivaatReg,PrivReg 411 A3E1,PrivLaw 411 A3E1,17914-411/A3E1,Thu,26/06/2025,14:00
SCIENCE,ToegWisk,WaarskStat 114 A3E1,ProbThStats 114 A3E1,56820-114/A3E1,Tue,17/06/2025,09:00
ENGRG,BedrIng,ProdBest 212 A3E1,ProdMan 212 A3E1,23256-212/A3E1,Wed,25/06/2025,14:00
ENGRG,BedrIng,ProdBest 314 A3E1,ProdMan 314 A3E1,23256-314/A3E1,Sat,14/06/2025,14:00
EMS,Logistiek,ProjBest 314 A3E1,ProjMan 314 A3E1,51993-314/A3E1,Fri,27/06/2025,14:00
ENGRG,BedrIng,ProjBest 412 A3E1,ProjMan 412 A3E1,51993-412/A3E1,Tue,17/06/2025,14:00
FASS,Sielkunde,Sielkunde 114 A3E1,Psychology 114 A3E1,18414-114/A3E1,Thu,19/06/2025,14:00
FASS,Sielkunde,Sielkunde 213 A3E1,Psychology 213 A3E1,18414-213/A3E1,Fri,13/06/2025,14:00
FASS,Sielkunde,Sielkunde 223 A3E1,Psychology 223 A3E1,18414-223/A3E1,Wed,11/06/2025,09:00
FASS,Sielkunde,Sielkunde 314 A3E1,Psychology 314 A3E1,18414-314/A3E1,Wed,18/06/2025,14:00
FASS,Sielkunde,Sielkunde 324 A3E1,Psychology 324 A3E1,18414-324/A3E1,Thu,26/06/2025,14:00
EMS,SPL,OpenOntBest 114 A3E1,PublDevMan 114 A3E1,48003-114/A3E1,Sat,28/06/2025,09:00
EMS,SPL,OpenOntBest 212 A3E1,PublDevMan 212 A3E1,48003-212/A3E1,Sat,21/06/2025,09:00
EMS,SPL,OpenOntBest 222 A3E1,PublDevMan 222 A3E1,48003-222/A3E1,Wed,11/06/2025,09:00
EMS,SPL,OpenOntBest 314 A3E1,PublDevMan 314 A3E1,48003-314/A3E1,Tue,24/06/2025,14:00
EMS,SPL,OpenOntBest 324 A3E1,PublDevMan 324 A3E1,48003-324/A3E1,Tue,17/06/2025,09:00
LAW,PublReg,Volkereg 314 A3E1,PublIntLaw 314 A3E1,14369-314/A3E1,Tue,17/06/2025,14:00
LAW,PrivaatReg,Deeltitels 414 A3E1,SectTitles 414 A3E1,62472-414/A3E1,Wed,25/06/2025,14:00
FASS,AlgTaalWet,Gebaretaal 318 A3E1,SignLang 318 A3E1,13521-318/A3E1,Sat,28/06/2025,09:00
FASS,InligtWet,SosioInfo 114 A3E1,SocioInfo 114 A3E1,58173-114/A3E1,Tue,17/06/2025,14:00
FASS,InligtWet,SosioInfo 214 A3E1,SocioInfo 214 A3E1,58173-214/A3E1,Mon,23/06/2025,09:00
FASS,SosSAntrop,Sosiol 114 A3E1,Sociol 114 A3E1,19003-114/A3E1,Wed,11/06/2025,14:00
FASS,SosSAntrop,Sosiol 314 A3E1,Sociol 314 A3E1,19003-314/A3E1,Fri,27/06/2025,14:00
FASS,SosSAntrop,Sosiol 333 A3E1,Sociol 333 A3E1,19003-333/A3E1,Thu,26/06/2025,14:00
AGRI,Grondkunde,Grondk 214 A3E1,SoilSci 214 A3E1,14176-214/A3E1,Mon,23/06/2025,09:00
LAW,PrivaatReg,SpesifiekeKontrakte 414 A3E1,SpecificContracts 414 A3E1,14343-414/A3E1,Thu,26/06/2025,14:00
SCIENCE,Fisika,SpesFisika 111 A3E1,SpecPhysics 111 A3E1,19267-111/A3E1,Sat,14/06/2025,09:00
FMHS,SprkTaGeh,SpraakHK 121 A3E1,SpeechTherapy 121 A3E1,46221-121/A3E1,Fri,13/06/2025,09:00
FMHS,SprkTaGeh,SpraakHK 122 A3E1,SpeechTherapy 122 A3E1,46221-122/A3E1,Sat,21/06/2025,09:00
FMHS,SprkTaGeh,SpraakHK 211 A3E1,SpeechTherapy 211 A3E1,46221-211/A3E1,Fri,27/06/2025,09:00
FMHS,SprkTaGeh,SpraakHK 222 A3E1,SpeechTherapy 222 A3E1,46221-222/A3E1,Tue,24/06/2025,09:00
FMHS,SportWet,SportWet 112 A3E1,SportSci 112 A3E1,54607-112/A3E1,Fri,27/06/2025,09:00
FMHS,SportWet,SportWet 222 A3E1,SportSci 222 A3E1,54607-222/A3E1,Tue,17/06/2025,09:00
FMHS,SportWet,SportWet 232 A3E1,SportSci 232 A3E1,54607-232/A3E1,Fri,27/06/2025,14:00
FMHS,SportWet,SportWet 312 A3E1,SportSci 312 A3E1,54607-312/A3E1,Sat,14/06/2025,09:00
FMHS,SportWet,SportWet 322 A3E1,SportSci 322 A3E1,54607-322/A3E1,Wed,25/06/2025,09:00
FMHS,SportWet,SportWet 332 A3E1,SportSci 332 A3E1,54607-332/A3E1,Thu,19/06/2025,09:00
EMS,StatAktWet,Stats 214 A3E1,Stats 214 A3E1,19658-214/A3E1,Thu,12/06/2025,09:00
EMS,StatAktWet,Stats 224 A3E1,Stats 224 A3E1,19658-224/A3E1,Sat,21/06/2025,14:00
EMS,StatAktWet,Stats 318 A3E1,Stats 318 A3E1,19658-318/A3E1,Thu,26/06/2025,14:00
ENGRG,SivIng,SterkteLr 224 A3E1,StrengthMat 224 A3E1,19712-224/A3E1,Fri,20/06/2025,09:00
ENGRG,MegIng,SterkteLrW 334 A3E1,StrengthMatW 334 A3E1,19739-334/A3E1,Thu,26/06/2025,09:00
ENGRG,SivIng,StruktOntw 424 A3E1,StrucDesign 424 A3E1,36307-424/A3E1,Thu,26/06/2025,14:00
ENGRG,ElektrIng,StelselsSeine 214 A3E1,SystSignals 214 A3E1,46779-214/A3E1,Tue,17/06/2025,09:00
ENGRG,ElektrIng,StelselsSeine 315 A3E1,SystSignals 315 A3E1,46779-315/A3E1,Mon,23/06/2025,14:00
ENGRG,ElektrIng,StelselsSeine 414 A3E1,SystSignals 414 A3E1,46779-414/A3E1,Tue,24/06/2025,09:00
THEOL,SisTeoEkl,SistTeol 212 A3E1,SystTheol 212 A3E1,50741-212/A3E1,Mon,23/06/2025,14:00
THEOL,SisTeoEkl,SistTeol 213 A3E1,SystTheol 213 A3E1,50741-213/A3E1,Mon,23/06/2025,14:00
THEOL,SisTeoEkl,SistTeol 312 A3E1,SystTheol 312 A3E1,50741-312/A3E1,Mon,23/06/2025,14:00
THEOL,SisTeoEkl,SistTeol 313 A3E1,SystTheol 313 A3E1,50741-313/A3E1,Mon,23/06/2025,14:00
THEOL,SisTeoEkl,SistTeol 322 A3E1,SystTheol 322 A3E1,50741-322/A3E1,Tue,24/06/2025,14:00
THEOL,SisTeoEkl,SistTeol 421 A3E1,SystTheol 421 A3E1,50741-421/A3E1,Tue,17/06/2025,09:00
THEOL,SisTeoEkl,SistTeolEkkl 113 A3E1,SystTheolEccl 113 A3E1,12283-113/A3E1,Tue,17/06/2025,09:00
THEOL,SisTeoEkl,SistTeolEkkl 114 A3E1,SystTheolEccl 114 A3E1,12283-114/A3E1,Tue,17/06/2025,09:00
ENGRG,ElektrIng,Telekom 414 A3E1,Telecom 414 A3E1,20419-414/A3E1,Fri,27/06/2025,14:00
FASS,Drama,Teaterstudie 114 A3E1,TheatreStudies 114 A3E1,14032-114/A3E1,Wed,18/06/2025,14:00
FASS,Drama,Teaterstudie 214 A3E1,TheatreStudies 214 A3E1,14032-214/A3E1,Fri,27/06/2025,14:00
FASS,Drama,Teaterstudie 318 A3E1,TheatreStudies 318 A3E1,14032-318/A3E1,Sat,14/06/2025,09:00
LAW,HandReg,DieRegTegnologie 414 A3E1,TheLawTechnology 414 A3E1,14353-414/A3E1,Fri,27/06/2025,14:00
ENGRG,ProsIng,TermoDinA 224 A3E1,ThermoDynA 224 A3E1,33863-224/A3E1,Fri,20/06/2025,09:00
EMS,Logistiek,VervoerEkon 214 A3E1,TranspEcon 214 A3E1,21008-214/A3E1,Fri,13/06/2025,14:00
EMS,Logistiek,VervoerEkon 318 A3E1,TranspEcon 318 A3E1,21008-318/A3E1,Tue,24/06/2025,14:00
ENGRG,SivIng,Vervoerleer 324 A3E1,TranspSci 324 A3E1,21040-324/A3E1,Fri,13/06/2025,09:00
ENGRG,SivIng,Vervoerleer 434 A3E1,TranspSci 434 A3E1,21040-434/A3E1,Thu,12/06/2025,14:00
ENGRG,SivIng,Watersuiwering 324 A3E1,WaterTreatm 324 A3E1,13184-324/A3E1,Mon,23/06/2025,09:00
AGRI,BosHoutK,HoutPKnde 234 A3E1,WoodPrSci 234 A3E1,57584-234/A3E1,Fri,20/06/2025,09:00
